G,W,L,W-L%,W,L,W,L,Tm.,Opp.,FG,FGA,FG%,3P,3PA,3P%,FT,FTA,FT%,TRB,AST,STL,BLK,TOV,PF
31,10,21,.323,7,10,1,9,1821,1936,611,1389,.440,206,546,.377,393,583,.674,879,378,155,70,407,542
36,23,13,.639,11,3,8,8,2403,2171,823,1969,.418,258,776,.332,499,705,.708,1199,446,270,80,490,745
27,8,19,.296,6,7,2,11,1761,1954,608,1566,.388,121,454,.267,424,638,.665,948,298,224,90,448,549
34,22,12,.647,13,1,7,8,2461,2244,880,1935,.455,228,676,.337,473,669,.707,1169,430,224,69,387,568
32,22,10,.688,10,1,8,7,2202,2025,816,1752,.466,181,550,.329,389,614,.634,1130,445,182,153,435,558
32,18,14,.563,13,5,2,7,2349,2254,845,1913,.442,157,479,.328,502,711,.706,1264,357,235,144,464,546
31,15,16,.484,10,4,5,12,1984,2038,715,1713,.417,130,442,.294,424,590,.719,1206,367,160,63,474,626
31,6,25,.194,5,7,1,15,2156,2588,742,1901,.390,187,571,.327,485,709,.684,992,309,257,55,455,609
32,24,8,.750,13,1,11,6,2065,1891,751,1614,.465,230,615,.374,333,514,.648,1046,421,176,79,422,581
31,13,18,.419,7,7,5,9,2356,2381,799,1768,.452,239,642,.372,519,733,.708,1220,407,187,106,542,626
35,25,10,.714,12,3,6,4,2428,2117,825,1718,.480,288,778,.370,490,665,.737,1085,544,201,72,401,557
35,21,14,.600,14,3,2,9,2529,2421,897,1892,.474,212,548,.387,523,709,.738,1183,500,217,104,442,548
31,23,8,.742,11,4,11,3,2059,1964,711,1589,.447,159,445,.357,478,714,.669,1079,404,171,108,465,608
31,13,18,.419,6,3,6,14,1943,2190,709,1768,.401,124,431,.288,401,649,.618,1179,339,271,84,605,705
30,13,17,.433,9,5,4,12,1996,1948,731,1685,.434,144,442,.326,390,571,.683,1094,402,201,109,408,501
30,14,16,.467,12,6,1,9,2238,2213,797,1821,.438,202,608,.332,442,679,.651,1129,390,227,86,419,521
30,11,19,.367,7,7,4,12,1741,1823,644,1533,.420,144,427,.337,309,448,.690,876,396,224,75,459,579
36,24,12,.667,18,4,5,5,2620,2354,928,2116,.439,278,832,.334,486,802,.606,1323,507,327,123,470,674
33,19,14,.576,9,5,9,7,2485,2449,885,1877,.471,225,616,.365,490,712,.688,1121,486,224,105,446,610
31,14,17,.452,10,6,3,10,1795,1852,646,1572,.411,134,395,.339,369,604,.611,1071,333,158,63,406,572
Overall,Overall,Overall,Overall,Home,Home,Away,Away,Points,Points,Totals,Totals,Totals,Totals,Totals,Totals,Totals,Totals,Totals,Totals,Totals,Totals,Totals,Totals,Totals
G,W,L,W-L%,W,L,W,L,Tm.,Opp.,FG,FGA,FG%,3P,3PA,3P%,FT,FTA,FT%,TRB,AST,STL,BLK,TOV,PF
39,24,15,.615,14,5,4,7,2965,2732,1024,2191,.467,320,876,.365,597,838,.712,1332,484,282,146,501,717
33,20,13,.606,12,3,8,9,2528,2334,869,1961,.443,336,950,.354,454,664,.684,1186,549,261,84,479,638
33,17,16,.515,8,4,7,10,1926,1941,685,1725,.397,136,489,.278,420,665,.632,1163,307,222,92,474,643
32,23,9,.719,12,2,9,6,2239,2156,778,1764,.441,192,575,.334,491,733,.670,1101,383,227,134,431,652
32,19,13,.594,13,3,6,9,2329,2315,875,1849,.473,200,584,.342,379,544,.697,1097,510,200,117,476,576
34,22,12,.647,15,4,5,5,2528,2397,885,2000,.443,217,649,.334,541,733,.738,1259,503,208,147,457,614
30,17,13,.567,9,6,8,6,2058,1989,698,1646,.424,267,740,.361,395,578,.683,1039,380,202,97,408,513
33,19,14,.576,10,4,6,9,2126,2020,775,1796,.432,206,583,.353,370,548,.675,1186,415,221,120,427,569
36,21,15,.583,14,4,5,9,2415,2387,806,1833,.440,216,658,.328,587,816,.719,1160,453,282,125,521,648
33,25,8,.758,14,2,9,3,2544,2150,909,1879,.484,238,624,.381,488,669,.729,1196,537,241,119,375,607
28,9,19,.321,8,5,1,14,1712,1898,599,1406,.426,163,514,.317,351,533,.659,914,373,129,84,403,425
29,8,21,.276,4,7,3,14,1670,1969,581,1479,.393,207,629,.329,301,455,.662,847,351,172,71,389,514
30,7,23,.233,6,8,1,15,1928,2152,679,1767,.384,212,618,.343,358,528,.678,1124,338,145,75,425,601
33,21,12,.636,9,4,7,7,2155,2078,778,1864,.417,174,506,.344,425,659,.645,1215,406,215,91,466,608
32,26,6,.813,15,2,11,3,2168,1854,705,1609,.438,257,731,.352,501,692,.724,1094,417,193,102,400,568
28,7,21,.250,3,12,3,8,1822,1964,645,1591,.405,189,560,.338,343,487,.704,929,300,165,80,327,429
29,8,21,.276,5,7,3,14,1875,2094,646,1644,.393,185,582,.318,398,587,.678,950,307,158,66,382,532
32,15,17,.469,7,6,7,7,2345,2356,824,1890,.436,259,753,.344,438,614,.713,1074,421,212,115,422,592
31,17,14,.548,10,2,5,11,2282,2178,821,1808,.454,215,609,.353,425,611,.696,1150,430,276,83,549,683
32,13,19,.406,5,8,6,9,2338,2372,793,1720,.461,244,674,.362,508,652,.779,1009,498,196,70,456,618
Overall,Overall,Overall,Overall,Home,Home,Away,Away,Points,Points,Totals,Totals,Totals,Totals,Totals,Totals,Totals,Totals,Totals,Totals,Totals,Totals,Totals,Totals,Totals
G,W,L,W-L%,W,L,W,L,Tm.,Opp.,FG,FGA,FG%,3P,3PA,3P%,FT,FTA,FT%,TRB,AST,STL,BLK,TOV,PF
31,12,19,.387,6,7,5,10,2028,2134,708,1658,.427,215,534,.403,397,524,.758,937,389,153,56,358,567
30,17,13,.567,11,2,6,10,1806,1818,653,1540,.424,175,464,.377,325,476,.683,991,364,202,50,407,517
31,16,15,.516,10,4,3,10,2030,2021,712,1595,.446,163,488,.334,443,638,.694,1015,393,216,79,485,589
33,22,11,.667,16,2,6,6,2472,2271,892,1848,.483,210,492,.427,478,633,.755,1113,509,159,66,399,560
30,14,16,.467,10,4,4,10,2164,2153,744,1722,.432,178,502,.355,498,701,.710,1104,472,250,76,497,624
31,11,20,.355,5,8,5,12,1949,2097,714,1747,.409,156,544,.287,365,593,.616,1170,375,160,141,509,638
31,8,23,.258,4,5,2,15,1993,2207,694,1722,.403,232,673,.345,373,549,.679,924,372,276,82,425,680
29,10,19,.345,8,8,1,10,1841,2008,627,1567,.400,160,491,.326,427,646,.661,1007,319,161,93,395,535
30,13,17,.433,8,5,5,12,1943,2043,719,1606,.448,125,396,.316,380,528,.720,970,390,184,82,429,440
31,17,14,.548,13,3,3,8,2222,2166,784,1756,.446,222,638,.348,432,578,.747,1072,478,213,88,445,612
31,12,19,.387,8,6,3,11,1928,2018,680,1628,.418,180,536,.336,388,615,.631,981,306,244,79,447,696
29,9,20,.310,7,9,2,10,2000,2091,752,1721,.437,195,583,.334,301,476,.632,1100,388,177,92,396,516
31,11,20,.355,9,6,2,11,2130,2182,752,1832,.410,216,707,.306,410,601,.682,1095,422,200,103,406,578
35,18,17,.514,13,3,5,10,2657,2687,877,2002,.438,289,821,.352,614,935,.657,1374,477,218,79,551,648
32,19,13,.594,11,3,6,9,2693,2577,956,2077,.460,253,730,.347,528,773,.683,1220,507,321,123,486,668
32,18,14,.563,14,5,4,7,2187,2123,792,1869,.424,233,702,.332,370,563,.657,1205,466,183,103,436,588
33,20,13,.606,10,5,9,6,2206,2134,780,1738,.449,213,627,.340,433,605,.716,1099,376,172,56,419,564
32,23,9,.719,13,3,7,5,2507,2177,912,1971,.463,256,684,.374,427,621,.688,1189,478,298,187,456,575
37,26,11,.703,13,2,8,8,2455,2203,882,2043,.432,180,578,.311,511,729,.701,1267,512,320,118,454,680
31,11,20,.355,8,6,2,13,2148,2193,786,1770,.444,220,656,.335,356,578,.616,1140,455,207,95,500,525
Overall,Overall,Overall,Overall,Home,Home,Away,Away,Points,Points,Totals,Totals,Totals,Totals,Totals,Totals,Totals,Totals,Totals,Totals,Totals,Totals,Totals,Totals,Totals
G,W,L,W-L%,W,L,W,L,Tm.,Opp.,FG,FGA,FG%,3P,3PA,3P%,FT,FTA,FT%,TRB,AST,STL,BLK,TOV,PF
30,10,20,.333,4,7,6,13,1701,1895,590,1466,.402,148,467,.317,373,556,.671,945,310,135,99,441,508
36,27,9,.750,12,4,11,5,2781,2616,1014,2150,.472,300,785,.382,453,687,.659,1281,486,243,149,452,581
31,9,22,.290,6,9,2,11,2142,2300,737,1722,.428,193,542,.356,475,663,.716,1022,339,180,74,425,601
31,9,22,.290,8,9,0,10,1951,2091,675,1486,.454,172,497,.346,429,587,.731,855,356,185,50,436,574
28,12,16,.429,9,6,3,9,1689,1740,602,1490,.404,138,435,.317,347,519,.669,955,324,184,54,395,525
36,31,5,.861,14,2,9,1,2819,2313,996,2102,.474,165,484,.341,662,976,.678,1559,567,209,280,458,471
32,13,19,.406,7,2,4,14,2043,2161,729,1767,.413,185,534,.346,400,555,.721,993,307,252,45,404,529
31,21,10,.677,14,0,5,8,2281,2007,821,1736,.473,241,587,.411,398,545,.730,1105,482,203,121,398,556
35,27,8,.771,16,3,8,4,2565,2293,857,1929,.444,276,727,.380,575,768,.749,1140,493,287,138,428,658
28,9,19,.321,6,9,3,9,1750,1897,642,1560,.412,146,427,.342,320,486,.658,920,272,185,122,389,559
35,27,8,.771,12,3,11,3,2724,2306,957,2194,.436,305,859,.355,505,722,.699,1357,492,285,113,439,715
35,27,8,.771,18,0,5,5,2339,2150,831,1972,.421,190,579,.328,487,752,.648,1328,485,227,124,476,672
32,8,24,.250,5,6,3,14,1847,2098,683,1615,.423,185,546,.339,296,454,.652,979,314,165,123,489,516
32,13,19,.406,8,7,3,11,2174,2244,735,1778,.413,231,696,.332,473,673,.703,1089,419,180,92,416,583
31,15,16,.484,12,3,2,12,1884,1872,642,1339,.479,243,645,.377,357,484,.738,739,422,160,63,406,645
33,9,24,.273,6,10,1,11,2123,2390,780,1920,.406,188,635,.296,375,609,.616,1144,373,223,102,414,501
30,7,23,.233,4,8,3,15,1694,1937,610,1464,.417,96,348,.276,378,585,.646,931,310,196,89,504,622
33,17,16,.515,12,7,4,7,2128,2063,687,1649,.417,266,765,.348,488,648,.753,1079,382,208,73,421,515
29,15,14,.517,8,5,7,8,1788,1774,609,1635,.372,142,484,.293,428,637,.672,1159,323,142,111,367,578
37,30,7,.811,16,1,6,5,2867,2439,971,2186,.444,267,766,.349,658,904,.728,1348,492,311,146,454,671
Overall,Overall,Overall,Overall,Home,Home,Away,Away,Points,Points,Totals,Totals,Totals,Totals,Totals,Totals,Totals,Totals,Totals,Totals,Totals,Totals,Totals,Totals,Totals
G,W,L,W-L%,W,L,W,L,Tm.,Opp.,FG,FGA,FG%,3P,3PA,3P%,FT,FTA,FT%,TRB,AST,STL,BLK,TOV,PF
34,21,13,.618,10,5,8,7,2683,2541,935,1987,.471,296,825,.359,517,743,.696,1135,564,257,116,465,594
30,13,17,.433,10,6,3,10,2176,2214,736,1666,.442,261,689,.379,443,605,.732,1018,441,169,88,367,506
34,23,11,.676,11,2,9,6,2657,2383,944,2044,.462,195,590,.331,574,810,.709,1290,429,287,131,477,622
30,12,18,.400,9,5,3,13,1936,1982,706,1599,.442,154,428,.360,370,515,.718,1024,386,149,57,387,527
31,18,13,.581,12,2,5,11,2247,2061,798,1707,.467,320,798,.401,331,478,.692,922,490,240,58,338,498
32,8,24,.250,5,9,3,12,1834,2040,666,1656,.402,154,507,.304,348,574,.606,1102,366,194,114,503,539
30,12,18,.400,9,5,3,13,1905,2055,689,1647,.418,165,509,.324,362,524,.691,964,352,174,64,380,575
31,11,20,.355,8,6,2,14,2041,2197,747,1712,.436,185,532,.348,362,561,.645,1008,424,223,104,434,564
31,17,14,.548,15,4,2,9,2081,2038,733,1642,.446,99,311,.318,516,744,.694,1041,456,183,41,408,619
32,17,15,.531,9,4,6,9,2093,2152,739,1756,.421,200,601,.333,415,632,.657,1104,427,205,118,429,569
30,7,23,.233,4,9,3,14,1909,2282,675,1614,.418,123,438,.281,436,685,.636,963,335,175,131,511,517
31,10,21,.323,7,3,1,16,1899,2228,669,1724,.388,210,654,.321,351,564,.622,961,333,215,66,432,591
32,6,26,.188,5,7,0,18,2079,2319,736,1777,.414,173,532,.325,434,587,.739,1069,391,143,104,392,594
31,11,20,.355,11,6,0,14,2021,2218,671,1666,.403,167,504,.331,512,732,.699,1097,422,238,91,544,628
33,13,20,.394,10,7,3,12,2071,2240,721,1731,.417,193,553,.349,436,683,.638,1134,395,177,95,498,628
35,25,10,.714,13,3,8,5,2392,2271,820,1886,.435,216,631,.342,536,739,.725,1253,423,284,202,548,657
36,25,11,.694,19,2,2,7,2774,2427,1018,2134,.477,294,802,.367,444,641,.693,1234,605,294,97,434,576
28,3,25,.107,2,13,1,11,1718,2144,617,1626,.379,169,569,.297,315,503,.626,851,303,174,80,350,546
34,13,21,.382,9,8,3,10,2299,2372,803,1832,.438,244,701,.348,449,669,.671,1137,482,223,161,491,569
30,6,24,.200,6,7,0,16,1830,2130,638,1581,.404,162,524,.309,392,565,.694,928,340,161,88,428,600
Overall,Overall,Overall,Overall,Home,Home,Away,Away,Points,Points,Totals,Totals,Totals,Totals,Totals,Totals,Totals,Totals,Totals,Totals,Totals,Totals,Totals,Totals,Totals
G,W,L,W-L%,W,L,W,L,Tm.,Opp.,FG,FGA,FG%,3P,3PA,3P%,FT,FTA,FT%,TRB,AST,STL,BLK,TOV,PF
30,13,17,.433,7,5,6,12,2220,2244,789,1830,.431,238,676,.352,404,588,.687,1143,491,222,78,445,598
33,22,11,.667,14,0,6,11,2189,1999,813,1813,.448,178,538,.331,385,598,.644,1191,382,201,106,393,519
28,10,18,.357,7,5,3,10,1853,1920,651,1484,.439,163,450,.362,388,571,.680,987,354,166,128,411,542
31,16,15,.516,11,5,3,8,2148,1980,742,1581,.469,191,575,.332,473,662,.715,1015,425,245,122,450,550
30,8,22,.267,6,7,1,13,2114,2363,772,1776,.435,213,616,.346,357,539,.662,1022,348,204,73,449,600
32,12,20,.375,6,8,4,11,1929,2036,715,1717,.416,178,565,.315,321,521,.616,1048,368,220,77,401,564
31,12,19,.387,10,9,2,10,2208,2216,815,1868,.436,159,492,.323,419,665,.630,1211,462,256,154,522,608
32,12,20,.375,10,8,1,9,2077,2237,759,1842,.412,204,597,.342,355,556,.638,1203,417,233,122,556,535
34,28,6,.824,11,2,9,1,2684,2142,967,1982,.488,251,643,.390,499,696,.717,1276,512,246,174,386,551
29,6,23,.207,4,8,1,14,1766,2084,644,1559,.413,168,520,.323,310,509,.609,949,345,147,79,448,523
33,22,11,.667,13,2,7,7,2399,2196,796,1788,.445,268,653,.410,539,685,.787,1068,462,231,83,417,626
32,16,16,.500,6,6,7,8,1851,1902,632,1683,.376,164,602,.272,423,639,.662,1125,349,269,124,530,553
33,7,26,.212,4,8,1,16,1998,2316,695,1754,.396,258,832,.310,350,494,.709,1001,425,216,54,460,683
28,14,14,.500,7,6,7,8,1890,1888,645,1387,.465,173,472,.367,427,586,.729,826,352,206,94,396,486
30,13,17,.433,11,9,2,7,1921,1956,659,1554,.424,106,374,.283,497,696,.714,1040,388,172,114,477,564
30,9,21,.300,5,10,4,11,1931,2001,730,1720,.424,178,566,.314,293,469,.625,1134,383,211,133,482,517
32,21,11,.656,10,3,8,6,2128,2126,729,1851,.394,180,573,.314,490,707,.693,1306,363,210,168,487,677
32,18,14,.563,12,4,6,10,2067,1992,742,1727,.430,147,468,.314,436,643,.678,1151,450,271,102,509,632
30,5,25,.167,3,7,1,15,2050,2469,723,1781,.406,232,722,.321,372,566,.657,995,353,220,79,476,627
33,21,12,.636,12,3,6,8,2501,2259,873,2064,.423,193,598,.323,562,753,.746,1222,399,267,137,323,577
Overall,Overall,Overall,Overall,Home,Home,Away,Away,Points,Points,Totals,Totals,Totals,Totals,Totals,Totals,Totals,Totals,Totals,Totals,Totals,Totals,Totals,Totals,Totals
G,W,L,W-L%,W,L,W,L,Tm.,Opp.,FG,FGA,FG%,3P,3PA,3P%,FT,FTA,FT%,TRB,AST,STL,BLK,TOV,PF
31,8,23,.258,8,5,0,14,1900,2186,660,1576,.419,169,532,.318,411,643,.639,964,314,148,100,497,551
32,13,19,.406,11,4,2,14,2089,2185,763,1654,.461,129,390,.331,434,631,.688,1016,403,182,120,418,632
33,17,16,.515,13,3,4,12,2176,2167,767,1673,.458,193,534,.361,449,685,.655,1002,443,213,113,406,602
31,16,15,.516,8,6,8,8,2087,2035,724,1767,.410,199,545,.365,440,574,.767,1156,390,191,103,403,515
34,24,10,.706,13,2,7,7,2414,2155,835,1887,.443,297,781,.380,447,646,.692,1257,457,238,95,431,604
34,24,10,.706,14,3,5,6,2204,1944,859,1865,.461,188,537,.350,298,419,.711,1127,595,199,122,420,521
32,11,21,.344,5,9,4,10,2019,2181,674,1640,.411,241,693,.348,430,590,.729,1016,378,166,91,454,592
31,6,25,.194,5,10,0,11,1862,2190,659,1532,.430,167,498,.335,377,581,.649,952,364,191,64,542,601
31,12,19,.387,5,6,5,10,1930,1957,637,1541,.413,174,524,.332,482,732,.658,1026,378,205,91,486,616
32,15,17,.469,13,6,2,10,2078,2100,748,1732,.432,236,683,.346,346,491,.705,1078,454,127,110,388,505
32,15,17,.469,13,4,1,11,1927,1908,650,1469,.442,258,709,.364,369,496,.744,928,375,152,68,401,537
30,13,17,.433,8,5,5,11,1970,2055,681,1566,.435,195,477,.409,413,563,.734,909,326,146,96,386,554
30,16,14,.533,8,5,7,6,1964,1899,733,1533,.478,147,436,.337,351,537,.654,930,399,216,109,384,464
33,18,15,.545,9,0,6,14,2307,2328,806,1851,.435,135,503,.268,560,795,.704,1203,452,240,91,520,640
28,11,17,.393,6,6,5,11,1962,1981,682,1575,.433,173,457,.379,425,651,.653,977,423,184,64,389,516
32,18,14,.563,10,5,8,8,2363,2210,822,1841,.446,201,574,.350,518,749,.692,1195,419,261,117,460,645
36,21,15,.583,9,4,8,7,2540,2465,870,1948,.447,251,708,.355,549,725,.757,1220,427,225,79,503,621
34,22,12,.647,16,3,5,6,2556,2266,887,2057,.431,223,637,.350,559,862,.648,1333,481,242,103,472,711
35,27,8,.771,18,0,6,4,2674,2290,945,1979,.478,217,585,.371,567,782,.725,1371,555,239,155,508,664
29,7,22,.241,6,8,1,14,1690,1990,620,1626,.381,198,626,.316,252,381,.661,886,320,217,102,415,502
Overall,Overall,Overall,Overall,Home,Home,Away,Away,Points,Points,Totals,Totals,Totals,Totals,Totals,Totals,Totals,Totals,Totals,Totals,Totals,Totals,Totals,Totals,Totals
G,W,L,W-L%,W,L,W,L,Tm.,Opp.,FG,FGA,FG%,3P,3PA,3P%,FT,FTA,FT%,TRB,AST,STL,BLK,TOV,PF
34,19,15,.559,13,3,5,9,2343,2199,857,1953,.439,197,589,.334,432,665,.650,1204,434,274,91,441,682
36,22,14,.611,13,6,5,7,2669,2386,933,1940,.481,202,572,.353,601,777,.773,1330,567,238,238,608,634
31,18,13,.581,11,6,6,4,2207,2135,779,1766,.441,168,501,.335,481,702,.685,1186,403,210,114,444,528
30,8,22,.267,6,8,2,14,1959,2197,655,1628,.402,232,737,.315,417,557,.749,980,396,189,72,505,587
30,15,15,.500,9,5,5,9,2198,2156,760,1741,.437,161,517,.311,517,708,.730,1105,428,215,124,410,581
29,15,14,.517,8,6,7,8,1854,1827,629,1632,.385,159,497,.320,437,635,.688,1147,342,175,70,390,529
35,23,12,.657,15,3,6,8,2644,2493,911,2003,.455,321,893,.359,501,706,.710,1247,531,243,57,460,589
31,17,14,.548,12,4,5,10,2368,2161,819,1734,.472,208,573,.363,522,777,.672,1222,498,243,70,502,585
30,15,15,.500,9,5,6,9,2138,2177,755,1671,.452,203,616,.330,425,629,.676,1009,431,213,78,429,562
30,16,14,.533,12,3,4,11,2119,2058,701,1718,.408,192,566,.339,525,731,.718,1174,339,185,62,396,545
31,17,14,.548,13,2,3,11,2400,2349,864,2015,.429,246,736,.334,426,626,.681,1077,502,310,84,452,679
30,10,20,.333,9,7,1,13,1999,2116,707,1701,.416,205,639,.321,380,562,.676,986,292,180,131,419,599
30,10,20,.333,8,6,2,14,1961,2155,658,1630,.404,179,526,.340,466,653,.714,1023,305,181,86,459,586
35,27,8,.771,19,2,6,3,2617,2316,937,2093,.448,213,572,.372,530,740,.716,1365,529,267,212,425,609
33,15,18,.455,8,4,5,12,2088,2083,720,1653,.436,182,491,.371,466,704,.662,1105,346,181,108,504,583
37,31,6,.838,16,2,8,1,2748,2287,1001,2189,.457,305,827,.369,441,687,.642,1395,625,335,223,508,625
32,14,18,.438,8,8,5,10,2026,2154,731,1795,.407,158,506,.312,406,598,.679,1095,382,218,113,416,569
31,3,28,.097,3,10,0,15,1726,2214,588,1673,.351,150,531,.282,400,581,.688,994,306,197,55,456,539
32,12,20,.375,5,8,6,10,2147,2294,719,1843,.390,187,593,.315,522,673,.776,1116,369,214,107,432,678
30,9,21,.300,5,8,3,11,1980,2085,689,1625,.424,186,554,.336,416,617,.674,1039,384,216,95,439,516
Overall,Overall,Overall,Overall,Home,Home,Away,Away,Points,Points,Totals,Totals,Totals,Totals,Totals,Totals,Totals,Totals,Totals,Totals,Totals,Totals,Totals,Totals,Totals
G,W,L,W-L%,W,L,W,L,Tm.,Opp.,FG,FGA,FG%,3P,3PA,3P%,FT,FTA,FT%,TRB,AST,STL,BLK,TOV,PF
30,16,14,.533,9,5,7,7,1931,1927,653,1635,.399,154,489,.315,471,728,.647,1099,298,224,108,414,569
33,10,23,.303,7,7,2,14,2111,2289,739,1826,.405,241,669,.360,392,619,.633,1166,355,188,88,513,673
35,25,10,.714,16,2,7,4,2739,2432,914,2023,.452,243,701,.347,668,918,.728,1247,526,275,100,408,623
32,15,17,.469,13,3,2,9,2276,2255,775,1755,.442,195,615,.317,531,743,.715,1043,419,199,68,418,615
32,15,17,.469,8,5,5,12,2102,2207,783,1796,.436,116,368,.315,420,595,.706,1045,418,164,79,314,530
30,7,23,.233,5,6,2,16,1757,2089,588,1579,.372,152,490,.310,429,694,.618,1077,290,150,48,492,591
35,21,14,.600,14,4,2,6,2512,2419,924,2179,.424,201,604,.333,463,611,.758,1274,511,268,145,428,582
30,12,18,.400,6,7,3,10,2146,2211,764,1767,.432,262,721,.363,356,511,.697,1037,430,200,166,422,511
29,11,18,.379,9,5,2,13,1853,1865,692,1610,.430,142,440,.323,327,506,.646,1131,356,162,170,457,480
37,33,4,.892,19,1,10,1,2779,2176,979,2176,.450,222,681,.326,599,868,.690,1452,526,328,222,464,654
32,17,15,.531,8,4,7,11,2392,2429,816,1894,.431,232,701,.331,528,734,.719,1258,390,186,105,504,616
32,19,13,.594,12,4,5,7,2325,2123,796,1865,.427,251,682,.368,482,706,.683,1272,406,194,122,427,539
30,17,13,.567,9,2,7,10,1847,1766,658,1512,.435,160,482,.332,371,523,.709,956,370,178,90,404,513
38,31,7,.816,12,2,9,1,2737,2420,962,2135,.451,201,567,.354,612,877,.698,1482,611,248,107,532,734
35,21,14,.600,14,3,3,8,2341,2213,812,1910,.425,305,912,.334,412,544,.757,1087,542,223,92,402,535
32,18,14,.563,10,6,6,7,2254,2114,811,1799,.451,154,485,.318,478,689,.694,1090,394,192,47,379,653
31,17,14,.548,12,3,3,10,2108,2108,706,1777,.397,246,724,.340,450,626,.719,1182,358,159,98,400,579
33,22,11,.667,16,3,4,6,2189,2032,782,1772,.441,188,575,.327,437,611,.715,1136,466,274,201,477,588
36,23,13,.639,13,5,6,5,2677,2479,890,2058,.432,296,819,.361,601,847,.710,1384,447,250,271,518,604
32,7,25,.219,7,3,0,19,2029,2388,710,1850,.384,197,609,.323,412,607,.679,1076,359,239,52,492,716
Overall,Overall,Overall,Overall,Home,Home,Away,Away,Points,Points,Totals,Totals,Totals,Totals,Totals,Totals,Totals,Totals,Totals,Totals,Totals,Totals,Totals,Totals,Totals
G,W,L,W-L%,W,L,W,L,Tm.,Opp.,FG,FGA,FG%,3P,3PA,3P%,FT,FTA,FT%,TRB,AST,STL,BLK,TOV,PF
31,16,15,.516,12,4,3,8,2254,2241,792,1830,.433,215,633,.340,455,625,.728,1151,362,173,103,409,580
31,7,24,.226,3,9,3,14,2008,2263,702,1742,.403,175,579,.302,429,605,.709,1007,340,208,55,406,631
31,11,20,.355,9,8,2,11,1887,1984,641,1597,.401,193,607,.318,412,607,.679,1006,352,162,69,407,617
38,31,7,.816,18,0,5,4,3096,2571,1124,2381,.472,263,746,.353,585,871,.672,1393,699,388,140,449,758
31,8,23,.258,6,8,1,14,1925,2188,673,1642,.410,196,585,.335,383,547,.700,1003,434,173,84,465,573
31,14,17,.452,7,5,7,11,2053,2152,707,1703,.415,189,590,.320,450,670,.672,1082,351,165,102,429,559
29,17,12,.586,12,3,5,9,1905,1868,664,1457,.456,174,460,.378,403,553,.729,913,357,124,115,337,524
36,20,16,.556,12,1,4,12,2511,2411,865,1978,.437,188,565,.333,593,823,.721,1400,464,239,139,557,657
35,23,12,.657,8,2,10,7,2333,2182,857,2047,.419,181,537,.337,438,675,.649,1330,393,232,110,456,673
33,19,14,.576,12,2,7,12,2241,2079,829,1839,.451,158,475,.333,425,631,.674,1146,414,223,120,431,572
31,19,12,.613,12,2,6,6,2119,1959,739,1671,.442,155,496,.313,486,680,.715,1062,397,223,65,406,564
30,19,11,.633,12,3,7,7,2129,2059,717,1740,.412,216,657,.329,479,662,.724,1114,378,199,75,419,620
31,18,13,.581,14,4,4,8,1999,1872,686,1571,.437,206,571,.361,421,600,.702,861,410,265,52,357,553
32,21,11,.656,15,4,6,7,2200,2061,749,1770,.423,244,708,.345,458,671,.683,1056,437,229,123,378,548
34,21,13,.618,13,8,8,5,2400,2249,826,1934,.427,165,540,.306,583,781,.746,1241,407,227,163,406,655
30,14,16,.467,8,5,5,10,1876,1936,647,1676,.386,240,743,.323,342,534,.640,1081,323,164,84,398,619
32,17,15,.531,12,4,4,10,2443,2380,865,1859,.465,222,555,.400,491,700,.701,1106,457,231,122,428,593
34,22,12,.647,16,2,6,7,2510,2246,841,1824,.461,239,627,.381,589,839,.702,1174,522,218,110,424,708
30,11,19,.367,9,6,2,13,1863,2000,672,1540,.436,105,361,.291,414,628,.659,952,292,187,53,449,540
35,26,9,.743,11,3,10,6,2665,2369,889,2142,.415,260,841,.309,627,883,.710,1363,492,346,165,461,640
Overall,Overall,Overall,Overall,Home,Home,Away,Away,Points,Points,Totals,Totals,Totals,Totals,Totals,Totals,Totals,Totals,Totals,Totals,Totals,Totals,Totals,Totals,Totals
G,W,L,W-L%,W,L,W,L,Tm.,Opp.,FG,FGA,FG%,3P,3PA,3P%,FT,FTA,FT%,TRB,AST,STL,BLK,TOV,PF
31,20,11,.645,11,3,7,6,2029,1866,709,1488,.476,211,588,.359,400,590,.678,895,460,271,43,442,631
31,1,30,.032,1,13,0,15,1545,2083,548,1602,.342,139,561,.248,310,491,.631,1037,275,225,93,567,635
31,13,18,.419,6,4,5,10,2119,2219,764,1768,.432,160,481,.333,431,663,.650,1068,318,269,111,500,628
31,15,16,.484,11,3,4,13,2261,2410,800,1799,.445,212,589,.360,449,655,.685,1085,497,252,131,509,556
32,16,16,.500,10,2,4,13,2145,2138,782,1842,.425,209,630,.332,372,587,.634,1204,387,256,156,579,586
31,4,27,.129,3,7,0,17,1888,2468,664,1780,.373,171,569,.301,389,567,.686,954,364,274,93,543,626
30,5,25,.167,2,10,3,14,1888,2216,659,1657,.398,174,554,.314,396,611,.648,1070,316,162,112,456,572
30,16,14,.533,14,4,2,8,2189,2087,773,1626,.475,202,538,.375,441,615,.717,1075,458,168,114,435,480
32,7,25,.219,5,9,1,15,2280,2673,809,1953,.414,270,808,.334,392,576,.681,1051,446,208,37,451,575
38,34,4,.895,14,1,8,2,3413,2735,1205,2509,.480,264,682,.387,739,983,.752,1594,685,325,196,472,608
33,26,7,.788,12,1,10,4,2659,2279,943,1936,.487,238,578,.412,535,724,.739,1171,486,230,108,370,539
30,8,22,.267,6,6,2,14,1697,2095,629,1558,.404,134,405,.331,305,515,.592,933,327,192,75,459,593
32,20,12,.625,12,4,7,6,2472,2390,806,1850,.436,212,592,.358,648,885,.732,1195,391,166,89,413,676
32,19,13,.594,7,5,11,7,2001,1932,685,1580,.434,185,544,.340,446,609,.732,989,371,236,87,402,554
27,8,19,.296,7,5,1,14,1795,1829,678,1410,.481,165,466,.354,274,444,.617,844,413,199,65,399,468
32,14,18,.438,10,4,3,13,2259,2266,751,1638,.458,226,563,.401,531,734,.723,1032,397,219,53,494,627
30,10,20,.333,7,5,2,11,1985,2123,704,1668,.422,185,533,.347,392,662,.592,1060,373,239,94,481,610
34,23,11,.676,11,4,8,4,2290,2158,766,1692,.453,217,628,.346,541,718,.753,1140,418,146,83,397,619
31,11,20,.355,6,7,3,12,2188,2475,780,1934,.403,164,561,.292,464,713,.651,1272,421,269,168,599,701
31,17,14,.548,13,4,4,9,1967,1876,697,1568,.445,255,661,.386,318,461,.690,877,472,225,89,346,554
Overall,Overall,Overall,Overall,Home,Home,Away,Away,Points,Points,Totals,Totals,Totals,Totals,Totals,Totals,Totals,Totals,Totals,Totals,Totals,Totals,Totals,Totals,Totals
G,W,L,W-L%,W,L,W,L,Tm.,Opp.,FG,FGA,FG%,3P,3PA,3P%,FT,FTA,FT%,TRB,AST,STL,BLK,TOV,PF
36,21,15,.583,15,3,3,8,2727,2544,988,2283,.433,319,802,.398,432,609,.709,1404,601,192,95,343,544
36,23,13,.639,12,0,7,10,2699,2546,962,2008,.479,267,719,.371,508,728,.698,1224,545,217,167,456,602
33,22,11,.667,15,3,4,7,2206,2046,778,1618,.481,216,576,.375,434,619,.701,1024,440,194,175,439,501
32,15,17,.469,11,2,2,13,2075,2080,709,1634,.434,208,573,.363,449,639,.703,990,436,222,59,459,645
35,23,12,.657,14,2,4,6,2830,2608,948,2059,.460,327,851,.384,607,812,.748,1223,446,266,82,431,745
36,30,6,.833,16,1,7,3,2833,2430,982,1997,.492,242,689,.351,627,929,.675,1402,521,249,156,500,616
35,25,10,.714,16,3,8,7,2333,2110,877,1978,.443,168,515,.326,411,643,.639,1332,542,252,122,430,516
31,16,15,.516,9,2,6,10,2194,2058,776,1752,.443,167,536,.312,475,712,.667,1121,397,220,94,439,599
36,18,18,.500,13,7,5,10,2189,2279,805,1725,.467,222,624,.356,357,553,.646,1038,465,242,68,477,557
31,8,23,.258,6,9,1,10,2088,2360,702,1751,.401,237,662,.358,447,664,.673,973,372,243,96,459,642
34,21,13,.618,12,4,7,8,2254,2120,794,1712,.464,243,631,.385,423,623,.679,1092,465,211,68,413,587
38,27,11,.711,17,3,6,7,2545,2378,904,2040,.443,282,780,.362,455,691,.658,1290,493,192,64,412,551
28,10,18,.357,3,11,6,7,1835,1935,633,1521,.416,166,529,.314,403,591,.682,931,402,192,85,398,602
32,9,23,.281,5,10,2,11,1974,2342,717,1857,.386,171,543,.315,369,524,.704,1143,341,215,101,508,574
36,31,5,.861,19,0,7,2,2787,2320,1040,2174,.478,225,640,.352,482,713,.676,1433,633,246,139,436,585
33,23,10,.697,13,1,7,7,2417,2262,861,1899,.453,317,835,.380,378,557,.679,1116,503,245,93,453,553
32,19,13,.594,12,2,5,10,2249,2154,803,1727,.465,256,613,.418,387,579,.668,1071,492,179,71,454,652
33,17,16,.515,11,2,5,12,2318,2235,832,1932,.431,192,590,.325,462,731,.632,1237,422,249,80,480,616
29,12,17,.414,9,2,3,14,1729,1867,608,1435,.424,165,525,.314,348,517,.673,948,305,203,87,483,514
27,13,14,.481,8,6,5,8,1561,1545,548,1276,.429,185,496,.373,280,372,.753,822,302,156,79,354,521
Overall,Overall,Overall,Overall,Home,Home,Away,Away,Points,Points,Totals,Totals,Totals,Totals,Totals,Totals,Totals,Totals,Totals,Totals,Totals,Totals,Totals,Totals,Totals
G,W,L,W-L%,W,L,W,L,Tm.,Opp.,FG,FGA,FG%,3P,3PA,3P%,FT,FTA,FT%,TRB,AST,STL,BLK,TOV,PF
33,19,14,.576,13,5,4,6,2577,2531,905,2014,.449,227,708,.321,540,795,.679,1238,490,261,119,479,545
37,27,10,.730,18,3,5,5,2555,2212,914,2071,.441,244,704,.347,483,687,.703,1271,552,265,176,426,650
31,15,16,.484,6,7,9,7,2058,2088,758,1757,.431,139,438,.317,403,649,.621,1180,379,205,77,448,571
33,21,12,.636,12,5,9,6,2491,2372,884,1917,.461,163,463,.352,560,825,.679,1372,466,225,154,539,607
34,23,11,.676,12,2,10,7,2696,2469,994,2072,.480,215,548,.392,493,707,.697,1235,543,257,120,454,597
32,10,22,.313,5,10,2,11,2040,2273,717,1690,.424,218,570,.382,388,563,.689,1021,443,153,70,425,590
36,20,16,.556,11,7,7,7,2518,2431,912,1998,.456,246,718,.343,448,662,.677,1119,434,262,124,432,707
32,19,13,.594,11,4,7,8,2303,2271,830,1874,.443,225,638,.353,418,620,.674,1157,417,230,116,446,605
35,24,11,.686,14,3,9,7,2467,2288,880,1859,.473,226,573,.394,481,683,.704,1161,536,301,121,530,693
32,11,21,.344,8,10,3,10,2021,2131,725,1748,.415,167,565,.296,404,562,.719,1176,355,191,189,495,563
29,2,27,.069,2,11,0,16,1652,2100,574,1433,.401,153,424,.361,351,507,.692,830,298,129,46,420,522
31,17,14,.548,10,4,7,10,2277,2167,857,1772,.484,241,611,.394,322,460,.700,1040,520,240,118,493,546
29,6,23,.207,4,8,2,15,1771,2041,618,1450,.426,167,514,.325,368,503,.732,900,391,177,56,463,566
32,17,15,.531,7,6,8,6,2184,2120,757,1722,.440,162,485,.334,508,692,.734,1104,472,207,119,429,538
32,18,14,.563,14,3,2,9,1977,1944,689,1605,.429,171,503,.340,428,617,.694,1038,377,154,80,403,526
35,28,7,.800,15,1,8,4,2569,2243,898,2027,.443,231,696,.332,542,781,.694,1389,471,255,172,437,563
30,11,19,.367,7,7,4,11,1780,1911,618,1559,.396,147,429,.343,397,599,.663,986,297,242,124,459,595
30,18,12,.600,11,4,7,7,2279,2078,768,1726,.445,243,659,.369,500,713,.701,1136,546,243,74,451,650
32,16,16,.500,10,4,4,12,1972,1990,680,1458,.466,264,731,.361,348,511,.681,845,439,209,40,416,475
36,26,10,.722,16,2,6,5,2416,2147,868,1953,.444,212,607,.349,468,664,.705,1220,467,287,90,459,600
Overall,Overall,Overall,Overall,Home,Home,Away,Away,Points,Points,Totals,Totals,Totals,Totals,Totals,Totals,Totals,Totals,Totals,Totals,Totals,Totals,Totals,Totals,Totals
G,W,L,W-L%,W,L,W,L,Tm.,Opp.,FG,FGA,FG%,3P,3PA,3P%,FT,FTA,FT%,TRB,AST,STL,BLK,TOV,PF
32,16,16,.500,9,6,4,7,1973,1953,719,1647,.437,157,453,.347,378,537,.704,972,369,186,113,425,586
30,11,19,.367,7,5,3,13,2030,2113,692,1599,.433,207,579,.358,439,633,.694,960,375,160,64,395,568
30,13,17,.433,7,7,5,10,2024,2040,749,1676,.447,122,413,.295,404,597,.677,1083,380,173,90,441,484
33,16,17,.485,11,3,4,10,2164,2119,771,1667,.463,188,540,.348,434,613,.708,1163,421,187,156,549,584
29,15,14,.517,13,3,2,11,1733,1805,626,1518,.412,121,388,.312,360,522,.690,968,349,253,65,495,556
32,17,15,.531,10,6,4,7,2376,2331,853,1942,.439,201,608,.331,469,653,.718,1082,415,276,110,394,639
35,27,8,.771,17,0,9,4,2709,2462,1007,2157,.467,184,558,.330,511,769,.664,1273,534,309,159,462,521
33,20,13,.606,11,5,6,7,2301,2204,831,1768,.470,149,403,.370,490,737,.665,1246,444,151,173,449,566
31,17,14,.548,10,4,5,8,2166,2092,792,1729,.458,142,459,.309,440,655,.672,1232,431,198,106,556,522
30,9,21,.300,7,4,1,16,1812,2055,650,1606,.405,163,516,.316,349,528,.661,1028,377,183,126,472,501
31,21,10,.677,16,3,5,6,2425,2209,891,1986,.449,215,579,.371,428,670,.639,1114,341,284,155,421,584
33,13,20,.394,10,3,1,15,2280,2346,810,1837,.441,218,636,.343,442,631,.700,1130,390,151,50,426,601
31,9,22,.290,7,7,1,12,1830,2002,663,1660,.399,157,528,.297,347,580,.598,1098,385,162,84,389,551
30,3,27,.100,2,11,0,15,2035,2416,726,1689,.430,150,463,.324,433,621,.697,1010,338,166,101,459,509
30,13,17,.433,9,4,4,12,2127,2007,797,1707,.467,180,524,.344,353,551,.641,1087,448,200,130,429,586
35,22,13,.629,15,2,2,8,2397,2224,872,1843,.473,129,396,.326,524,778,.674,1247,438,224,165,487,584
30,10,20,.333,0,0,2,11,2116,2292,771,1746,.442,208,591,.352,366,535,.684,976,404,220,101,258,586
31,13,18,.419,8,6,5,8,1966,2037,668,1596,.419,192,510,.376,438,607,.722,992,400,194,73,463,661
30,9,21,.300,9,8,0,12,1937,2047,710,1629,.436,182,507,.359,335,521,.643,1056,334,180,108,447,533
32,15,17,.469,11,6,1,8,2136,2133,763,1761,.433,109,358,.304,501,689,.727,1088,337,148,60,320,595
Overall,Overall,Overall,Overall,Home,Home,Away,Away,Points,Points,Totals,Totals,Totals,Totals,Totals,Totals,Totals,Totals,Totals,Totals,Totals,Totals,Totals,Totals,Totals
G,W,L,W-L%,W,L,W,L,Tm.,Opp.,FG,FGA,FG%,3P,3PA,3P%,FT,FTA,FT%,TRB,AST,STL,BLK,TOV,PF
31,11,20,.355,8,6,2,13,2017,2114,697,1510,.462,139,375,.371,484,608,.796,936,422,184,32,464,582
31,8,23,.258,6,7,2,13,1957,2173,688,1694,.406,162,501,.323,419,640,.655,1151,329,175,76,526,516
30,15,15,.500,8,6,7,7,2103,2135,773,1709,.452,135,429,.315,422,632,.668,1162,442,191,144,511,632
30,10,20,.333,6,6,4,14,1970,2128,677,1630,.415,263,723,.364,353,548,.644,979,376,176,128,475,627
34,16,18,.471,13,8,1,10,2242,2298,819,1923,.426,140,469,.299,464,715,.649,1258,408,246,123,503,621
34,20,14,.588,15,4,4,9,2488,2332,891,1936,.460,249,649,.384,457,648,.705,1093,510,227,79,428,564
32,24,8,.750,13,0,6,7,2099,1795,786,1795,.438,177,561,.316,350,539,.649,1126,421,200,100,384,582
30,13,17,.433,10,4,3,12,1989,2058,701,1827,.384,237,762,.311,350,549,.638,1124,310,215,104,431,566
30,16,14,.533,7,7,9,6,1951,1828,684,1658,.413,175,500,.350,408,601,.679,1054,295,258,78,391,575
38,28,10,.737,16,3,5,5,3046,2725,1110,2277,.487,256,743,.345,570,884,.645,1505,687,296,194,583,580
34,22,12,.647,9,2,9,8,2333,2158,846,1908,.443,258,703,.367,383,547,.700,1248,527,189,141,426,581
32,22,10,.688,12,3,9,6,2523,2242,900,1997,.451,249,745,.334,474,643,.737,1178,467,267,89,409,599
30,12,18,.400,8,6,4,12,2185,2353,785,1709,.459,146,437,.334,469,683,.687,1064,424,191,109,470,610
30,12,18,.400,8,7,4,11,2209,2189,801,1823,.439,208,567,.367,399,589,.677,1105,405,263,160,475,625
34,21,13,.618,10,5,6,5,2665,2465,957,2105,.455,229,728,.315,522,772,.676,1316,554,225,124,452,647
33,18,15,.545,11,3,6,11,2255,2228,769,1826,.421,176,573,.307,541,792,.683,1242,418,281,132,564,638
34,24,10,.706,16,2,5,5,2440,2281,822,1831,.449,202,560,.361,594,856,.694,1249,427,164,133,432,585
30,16,14,.533,9,2,7,10,2341,2223,830,1761,.471,203,601,.338,478,637,.750,1076,455,206,68,412,594
31,14,17,.452,10,5,3,10,1978,1988,681,1592,.428,180,553,.325,436,595,.733,962,388,178,33,420,567
37,23,14,.622,13,5,8,6,2788,2660,931,2200,.423,195,625,.312,731,1021,.716,1396,504,250,148,458,812
Overall,Overall,Overall,Overall,Home,Home,Away,Away,Points,Points,Totals,Totals,Totals,Totals,Totals,Totals,Totals,Totals,Totals,Totals,Totals,Totals,Totals,Totals,Totals
G,W,L,W-L%,W,L,W,L,Tm.,Opp.,FG,FGA,FG%,3P,3PA,3P%,FT,FTA,FT%,TRB,AST,STL,BLK,TOV,PF
27,10,17,.370,7,4,2,10,1763,1871,642,1404,.457,119,399,.298,360,578,.623,856,424,154,48,423,507
32,19,13,.594,11,3,6,9,2404,2285,805,1906,.422,268,778,.344,526,743,.708,1131,376,296,72,448,601
32,7,25,.219,4,6,3,16,2063,2354,764,1673,.457,123,382,.322,412,670,.615,989,378,240,74,566,702
30,14,16,.467,11,4,2,10,2445,2319,865,1919,.451,235,637,.369,480,723,.664,1169,464,234,81,497,780
33,14,19,.424,12,6,0,11,2563,2607,896,1984,.452,236,630,.375,535,732,.731,1185,504,185,94,478,719
35,23,12,.657,13,2,4,6,2532,2296,917,2063,.444,166,566,.293,532,797,.668,1359,448,217,187,442,674
32,7,25,.219,6,7,0,16,1893,2173,692,1641,.422,149,498,.299,360,551,.653,1058,347,208,102,548,586
34,12,22,.353,6,8,4,12,2213,2399,776,1930,.402,213,685,.311,448,671,.668,1186,442,246,156,441,614
32,19,13,.594,11,3,6,8,2500,2470,904,1962,.461,274,732,.374,418,599,.698,1145,451,241,122,396,523
31,14,17,.452,10,6,2,11,2017,2055,719,1700,.423,151,456,.331,428,632,.677,1028,413,235,98,425,597
36,25,11,.694,15,2,7,7,2405,2210,840,1880,.447,195,576,.339,530,762,.696,1355,394,194,171,510,664
35,26,9,.743,16,2,6,4,2642,2241,967,1973,.490,262,656,.399,446,616,.724,1151,541,292,110,440,598
35,30,5,.857,17,0,11,3,2534,2169,899,1813,.496,222,563,.394,514,695,.740,1202,566,168,88,393,539
28,17,11,.607,12,4,4,7,1981,1787,673,1442,.467,199,506,.393,436,567,.769,971,370,118,74,355,509
34,24,10,.706,13,2,6,7,2421,2195,819,1727,.474,242,655,.369,541,693,.781,1193,458,171,166,469,632
31,9,22,.290,8,6,1,12,1900,2031,678,1611,.421,205,624,.329,339,554,.612,971,403,235,52,466,641
31,19,12,.613,14,4,3,7,2185,2033,740,1642,.451,190,561,.339,515,719,.716,1144,389,174,137,466,549
33,24,9,.727,12,3,10,5,2533,2222,883,1834,.481,186,504,.369,581,831,.699,1165,518,258,165,483,625
38,30,8,.789,16,2,8,3,2919,2560,990,2193,.451,247,701,.352,692,919,.753,1449,551,300,128,505,735
34,24,10,.706,16,1,7,6,2440,2156,866,1878,.461,222,601,.369,486,689,.705,1152,469,257,155,431,654
Overall,Overall,Overall,Overall,Home,Home,Away,Away,Points,Points,Totals,Totals,Totals,Totals,Totals,Totals,Totals,Totals,Totals,Totals,Totals,Totals,Totals,Totals,Totals
G,W,L,W-L%,W,L,W,L,Tm.,Opp.,FG,FGA,FG%,3P,3PA,3P%,FT,FTA,FT%,TRB,AST,STL,BLK,TOV,PF
32,24,8,.750,13,3,10,5,3002,2737,1009,2279,.443,438,1224,.358,546,742,.736,1068,581,453,105,449,598
34,19,15,.559,10,6,5,6,2470,2405,845,1934,.437,207,615,.337,573,791,.724,1257,454,221,155,458,620
28,10,18,.357,9,8,1,9,1960,2029,701,1682,.417,156,494,.316,402,543,.740,1030,348,179,112,413,531
30,16,14,.533,8,6,8,8,2021,2049,717,1607,.446,221,576,.384,366,585,.626,1000,417,211,96,451,531
31,24,7,.774,14,1,7,4,2510,2193,906,1849,.490,126,394,.320,572,804,.711,1262,405,258,176,492,584
33,17,16,.515,9,7,5,7,1954,1829,715,1649,.434,181,525,.345,343,446,.769,1076,410,124,142,376,496
35,26,9,.743,18,1,6,4,2750,2431,977,2136,.457,146,433,.337,650,929,.700,1437,458,259,95,515,683
31,21,10,.677,10,3,9,6,2175,2055,739,1566,.472,237,631,.376,460,630,.730,997,375,183,114,445,596
35,23,12,.657,11,3,7,5,2521,2163,886,2067,.429,231,703,.329,518,742,.698,1340,530,233,159,420,661
31,16,15,.516,11,2,3,11,2293,2251,840,1905,.441,233,663,.351,380,599,.634,1121,385,298,85,444,700
29,9,20,.310,5,6,3,12,1701,1889,615,1416,.434,163,408,.400,308,434,.710,795,357,163,51,369,512
34,25,9,.735,13,0,7,7,2454,2278,871,1929,.452,266,714,.373,446,647,.689,1251,454,193,111,452,587
31,10,21,.323,7,7,3,10,1918,2004,634,1612,.393,198,636,.311,452,645,.701,1061,338,167,97,412,641
34,17,17,.500,14,3,1,11,2138,2124,771,1762,.438,188,583,.322,408,595,.686,1154,453,216,113,474,615
30,10,20,.333,7,8,2,11,1844,1903,658,1592,.413,202,653,.309,326,501,.651,1023,409,180,69,425,503
30,8,22,.267,3,8,5,11,1741,2022,639,1646,.388,134,479,.280,329,578,.569,1010,283,247,83,527,599
30,11,19,.367,7,6,4,12,1833,1991,695,1712,.406,142,500,.284,301,448,.672,1031,332,197,118,403,547
33,20,13,.606,13,3,4,7,2106,1948,735,1686,.436,213,592,.360,423,583,.726,1020,393,163,86,330,532
30,16,14,.533,8,4,8,9,2065,2070,727,1602,.454,188,518,.363,423,614,.689,1022,398,187,44,404,468
33,20,13,.606,11,4,5,9,1995,1897,673,1644,.409,188,582,.323,461,667,.691,1043,373,200,79,408,611
Overall,Overall,Overall,Overall,Home,Home,Away,Away,Points,Points,Totals,Totals,Totals,Totals,Totals,Totals,Totals,Totals,Totals,Totals,Totals,Totals,Totals,Totals,Totals
G,W,L,W-L%,W,L,W,L,Tm.,Opp.,FG,FGA,FG%,3P,3PA,3P%,FT,FTA,FT%,TRB,AST,STL,BLK,TOV,PF
33,19,14,.576,12,4,3,9,2471,2450,796,1721,.463,211,586,.360,668,919,.727,1188,413,157,118,470,571
35,27,8,.771,14,1,7,4,2508,2165,847,1846,.459,239,607,.394,575,851,.676,1378,464,185,178,511,653
28,13,15,.464,8,3,5,12,1772,1784,646,1448,.446,100,338,.296,380,574,.662,935,374,194,88,434,528
30,11,19,.367,7,9,4,10,1981,2067,709,1712,.414,165,490,.337,398,612,.650,1066,390,168,104,401,585
